Fullmetal Alchemist: Brotherhood,Action,64,9.13,Bones,741,evidence beyond more
Kaguya-sama wa Kokurasetai: Ultra Romantic,Comedy,13,9.12,A-1 Pictures,331,long loss environment
Gintama,Action,51,9.08,Bandai Namco Pictures,4,police tree phone
Steins;Gate,Drama,24,9.08,White Fox,153,responsibility learn instead
Shingeki no Kyojin Season 3 Part 2,Action,10,9.07,Wit Studio,77,cold him clearly
Gintama',Action,51,9.05,Sunrise,280,structure report positive
Gintama: The Final,Action,1,9.05,Bandai Namco Pictures,44,only as evidence
Gintama': Enchousen,Action,13,9.04,Sunrise,437,per forget moment
Hunter x Hunter (2011),Action,148,9.04,Madhouse,638,two let improve
Fruits Basket: The Final,Drama,13,9.03,TMS Entertainment,536,federal rate official
Ginga Eiyuu Densetsu,Drama,110,9.03,Kitty Film Mitaka Studio,410,collection available need
Gintama.,Action,12,8.99,Bandai Namco Pictures,62,may education forget
3-gatsu no Lion 2nd Season,Drama,22,8.95,Shaft,296,security light open
Koe no Katachi,Drama,1,8.95,Kyoto Animation,613,compare near customer
Clannad: After Story,Drama,24,8.94,Kyoto Animation,793,response us threat
Gintama Movie 2: Kanketsu-hen - Yorozuya yo Eien Nare,Action,1,8.93,Sunrise,700,station challenge whose
Violet Evergarden Movie,Drama,1,8.93,Kyoto Animation,385,office shake case
Code Geass: Hangyaku no Lelouch R2,Action,25,8.91,Sunrise,95,choice begin under
Gintama.: Shirogane no Tamashii-hen - Kouhan-sen,Action,14,8.89,Bandai Namco Pictures,363,realize born computer
Owarimonogatari 2nd Season,Comedy,7,8.89,Shaft,299,him time mission
Kimi no Na wa.,Drama,1,8.86,CoMix Wave Films,779,item month bad
Kimetsu no Yaiba: Yuukaku-hen,Action,11,8.85,ufotable,84,religious yard exist
Monster,Drama,74,8.84,Madhouse,397,yet security ground
Made in Abyss: Retsujitsu no Ougonkyou,Adventure,12,8.82,Kinema Citrus,266,view size method
Shingeki no Kyojin: The Final Season,Action,16,8.82,MAPPA,718,put hot out
Mob Psycho 100 II,Action,13,8.81,Bones,522,eye want character
Gintama.: Shirogane no Tamashii-hen,Action,12,8.81,Bandai Namco Pictures,728,forget little strategy
Kingdom 3rd Season,Action,26,8.81,Pierrot,151,rather right total
Kingdom 4th Season,Action,26,8.81,Pierrot,342,number media feel
Kizumonogatari III: Reiketsu-hen,Action,1,8.80,Shaft,17,front organization benefit
Shingeki no Kyojin: The Final Season Part 2,Action,12,8.80,MAPPA,741,adult focus worry
Haikyuu!!: Karasuno Koukou vs. Shiratorizawa Gakuen Koukou,Sports,10,8.79,Production I.G,521,manager wear sit
Sen to Chihiro no Kamikakushi,Adventure,1,8.78,Studio Ghibli,39,blue will dog
Shiguang Dailiren,Drama,11,8.78,Studio LAN,64,read available card
Monogatari Series: Second Season,Comedy,26,8.77,Shaft,108,these north form
Spy x Family,Action,12,8.77,Wit Studio,775,enough single offer
Cowboy Bebop,Action,26,8.75,Sunrise,470,set policy senior
Hajime no Ippo,Sports,75,8.75,Madhouse,757,see exist over
Mushishi Zoku Shou 2nd Season,Adventure,10,8.74,Artland,216,as send home
Shouwa Genroku Rakugo Shinjuu: Sukeroku Futatabi-hen,Drama,12,8.74,Studio Deen,178,participant score this
Mushoku Tensei: Isekai Ittara Honki Dasu Part 2,Drama,12,8.73,Studio Bind,97,admit even that
Vinland Saga,Action,24,8.73,Wit Studio,401,still consumer past
Odd Taxi,Mystery,13,8.72,OLM,380,economic sort group
Rurouni Kenshin: Meiji Kenkaku Romantan - Tsuioku-hen,Action,4,8.71,Studio Deen,674,not to across
86 Part 2,Action,12,8.71,A-1 Pictures,407,authority long new
Ashita no Joe 2,Action,47,8.71,Tokyo Movie Shinsha,410,present government money
Code Geass: Hangyaku no Lelouch,Action,25,8.70,Sunrise,213,military south Republican
Fate/stay night Movie: Heaven's Feel - III. Spring Song,Action,1,8.70,ufotable,491,grow cover peace
Mushishi Zoku Shou,Adventure,10,8.70,Artland,32,six daughter boy
Great Teacher Onizuka,Comedy,43,8.69,Pierrot,163,here newspaper per
Cyberpunk: Edgerunners,Action,10,8.68,Trigger,108,spring international quality
Jujutsu Kaisen,Action,24,8.67,MAPPA,787,development important research
Made in Abyss,Adventure,13,8.67,Kinema Citrus,203,be fast white
Mo Dao Zu Shi: Wanjie Pian,Action,12,8.67,B.CMAY PICTURES,359,member where store
Mononoke Hime,Action,1,8.67,Studio Ghibli,63,writer admit everything
Mushishi,Adventure,26,8.67,Artland,240,reduce war so
One Piece,Action,10,8.67,Toei Animation,663,just well him
Violet Evergarden,Drama,13,8.67,Kyoto Animation,773,career maybe series
Shigatsu wa Kimi no Uso,Drama,22,8.66,A-1 Pictures,731,success fast service
Hajime no Ippo: New Challenger,Sports,26,8.66,Madhouse,268,school how yourself
Howl no Ugoku Shiro,Adventure,1,8.66,Studio Ghibli,728,minute green purpose
Kaguya-sama wa Kokurasetai? Tensai-tachi no Renai Zunousen,Comedy,12,8.65,A-1 Pictures,555,standard section knowledge
Kimetsu no Yaiba Movie: Mugen Ressha-hen,Action,1,8.65,ufotable,628,alone staff high
Made in Abyss Movie 3: Fukaki Tamashii no Reimei,Adventure,1,8.65,Kinema Citrus,78,fight difference method
Natsume Yuujinchou Shi,Drama,13,8.65,Brain's Base,466,others any three
Haikyuu!! Second Season,Sports,25,8.64,Production I.G,542,hair business foreign
Evangelion: 3.0+1.0 Thrice Upon a Time,Action,1,8.63,Khara,270,television note reach
Natsume Yuujinchou Roku,Drama,11,8.63,Shuka,356,suffer someone happy
Tengen Toppa Gurren Lagann,Action,27,8.63,Gainax,350,under operation five
Ping Pong the Animation,Drama,11,8.62,Tatsunoko Production,405,notice argue if
Shingeki no Kyojin Season 3,Action,12,8.62,Wit Studio,458,national can wear
Death Note,Supernatural,37,8.62,Madhouse,186,piece cost determine
Seishun Buta Yarou wa Yumemiru Shoujo no Yume wo Minai,Drama,1,8.61,CloverWorks,776,several describe glass
Suzumiya Haruhi no Shoushitsu,Mystery,1,8.61,Kyoto Animation,728,box I billion
Mushishi Zoku Shou: Suzu no Shizuku,Adventure,1,8.60,Artland,746,design local modern
Ookami Kodomo no Ame to Yuki,Fantasy,1,8.59,Studio Chizu,112,future ok be
Ousama Ranking,Adventure,23,8.59,Wit Studio,412,television month be
Hajime no Ippo: Rising,Sports,25,8.59,Madhouse,484,catch quality realize
JoJo no Kimyou na Bouken Part 5: Ougon no Kaze,Action,39,8.58,David Production,579,fall arrive argue
Kizumonogatari II: Nekketsu-hen,Action,1,8.58,Shaft,43,career catch building
Natsume Yuujinchou San,Drama,13,8.58,Brain's Base,543,agency news follow
Shouwa Genroku Rakugo Shinjuu,Drama,13,8.58,Studio Deen,16,important require authority
Natsume Yuujinchou Go,Drama,11,8.57,Shuka,219,wish financial truth
Tengen Toppa Gurren Lagann Movie 2: Lagann-hen,Action,1,8.57,Gainax,43,mother issue character
Yojouhan Shinwa Taikei,Comedy,11,8.57,Madhouse,672,less skin final
Fate/Zero 2nd Season,Action,12,8.56,ufotable,345,week tell bill
Fruits Basket 2nd Season,Drama,25,8.56,TMS Entertainment,173,situation base debate
Kimi no Suizou wo Tabetai,Drama,1,8.56,Studio VOLN,399,hear go support
Neon Genesis Evangelion: The End of Evangelion,Avant Garde,1,8.55,Gainax,43,sense rate represent
ShoujoKageki Revue Starlight Movie,Music,1,8.55,Kinema Citrus,191,law development scientist
Zoku Natsume Yuujinchou,Drama,13,8.55,Brain's Base,618,blood admit beyond
Bakuman. 3rd Season,Comedy,25,8.54,J.C.Staff,754,section bag late
Haikyuu!! To the Top Part 2,Sports,12,8.54,Production I.G,197,give total hair
Kara no Kyoukai Movie 5: Mujun Rasen,Action,1,8.54,ufotable,20,check soon with
Kenpuu Denki Berserk,Action,25,8.54,OLM,294,prove control scene
Mushishi: Hihamukage,Adventure,1,8.54,Artland,588,town program finally
Slam Dunk,Sports,101,8.54,Toei Animation,33,study head friend
Perfect Blue,Avant Garde,1,8.53,Madhouse,396,lot minute six
Shingeki no Kyojin,Action,25,8.53,Wit Studio,17,authority mean bank
Sora yori mo Tooi Basho,Adventure,13,8.53,Madhouse,168,science show science
Yakusoku no Neverland,Mystery,12,8.53,CloverWorks,567,move play let
Yuru Camp Season 2,Slice of Life,13,8.53,C-Station,245,during own sell
Kimetsu no Yaiba,Action,26,8.53,ufotable,157,material future try
Fate/stay night Movie: Heaven's Feel - II. Lost Butterfly,Action,1,8.52,ufotable,29,smile moment will
Gintama Movie 1: Shinyaku Benizakura-hen,Action,1,8.52,Sunrise,571,smile time care
Gintama.: Porori-hen,Action,13,8.52,Bandai Namco Pictures,308,professor actually same
Koukaku Kidoutai: Stand Alone Complex 2nd GIG,Action,26,8.52,Production I.G,170,check popular describe
Nana,Drama,47,8.52,Madhouse,598,bring run level
Steins;Gate 0,Drama,23,8.52,White Fox,58,very continue none
One Punch Man,Action,12,8.51,Madhouse,699,of agreement ground
Jujutsu Kaisen 0 Movie,Action,1,8.51,MAPPA,233,direction structure trial
Ansatsu Kyoushitsu 2nd Season,Action,25,8.50,Lerche,419,close participant including
Banana Fish,Action,24,8.50,MAPPA,234,whom party determine
Fruits Basket: Prelude,Drama,1,8.50,TMS Entertainment,312,wish operation role
Hotaru no Haka,Drama,1,8.50,Studio Ghibli,409,still such blue
JoJo no Kimyou na Bouken Part 4: Diamond wa Kudakenai,Action,39,8.50,David Production,500,yard moment assume
Samurai Champloo,Action,26,8.50,Manglobe,431,despite happen blood
Shingeki no Kyojin Season 2,Action,12,8.50,Wit Studio,371,believe guy agree
Uchuu Kyoudai,Comedy,99,8.50,A-1 Pictures,4,local direction get
Rainbow: Nisha Rokubou no Shichinin,Drama,26,8.49,Madhouse,449,thank field man
Summertime Render,Mystery,25,8.49,OLM,603,take court industry
Tian Guan Ci Fu Special,Drama,1,8.49,Haoliners Animation League,691,together billion pressure
Aria the Origination,Fantasy,13,8.49,Hal Film Maker,582,treatment official million
Mob Psycho 100,Action,12,8.48,Bones,474,act spring against
Re:Zero kara Hajimeru Isekai Seikatsu 2nd Season Part 2,Drama,12,8.47,White Fox,311,especially might effect
Chihayafuru 3,Drama,24,8.47,Madhouse,576,factor while decade
Gintama: The Semi-Final,Action,2,8.47,Bandai Namco Pictures,181,car finally half
Karakai Jouzu no Takagi-san 3,Comedy,12,8.47,Shin-Ei Animation,725,produce set TV
Kono Subarashii Sekai ni Shukufuku wo! Movie: Kurenai Densetsu,Adventure,1,8.46,J.C.Staff,756,support put will
Mahou Shoujo MadokaMagica Movie 3: Hangyaku no Monogatari,Drama,1,8.46,Shaft,711,read may opportunity
Mo Dao Zu Shi,Action,15,8.46,B.CMAY PICTURES,683,should general run
Nichijou,Comedy,26,8.46,Kyoto Animation,770,this right anyone
Steins;Gate Movie: Fuka Ryouiki no Deja vu,Drama,1,8.46,White Fox,469,behind table better
Zoku Owarimonogatari,Comedy,6,8.46,Shaft,191,cost fire from
YuuYuuHakusho,Action,112,8.45,Pierrot,290,find reflect network
Golden Kamuy 3rd Season,Action,12,8.45,Geno Studio,271,either into hold
Haikyuu!!,Sports,25,8.45,Production I.G,369,light opportunity election
Mo Dao Zu Shi: Xian Yun Pian,Action,8,8.45,B.CMAY PICTURES,514,air take available
Owarimonogatari,Comedy,12,8.45,Shaft,670,phone entire news
Saenai Heroine no Sodatekata Fine,Comedy,1,8.45,CloverWorks,196,send operation save
Mushishi Zoku Shou: Odoro no Michi,Adventure,1,8.44,Artland,382,hot rule student
Wu Liuqi Zhi Xuanwu Guo Pian,Action,10,8.44,add some,766,later big follow
JoJo no Kimyou na Bouken Part 3: Stardust Crusaders 2nd Season,Action,24,8.44,David Production,289,one claim present
Josee to Tora to Sakana-tachi,Drama,1,8.44,Bones,517,thought wear new
Gintama: Yorinuki Gintama-san on Theater 2D,Action,2,8.43,Sunrise,342,war baby mean
Grand Blue,Comedy,12,8.43,Zero-G,263,hot ago wind
Kono Oto Tomare! Part 2,Drama,13,8.43,Platinum Vision,12,open poor its
Koukaku Kidoutai: Stand Alone Complex,Action,26,8.43,Production I.G,603,to add even
Mononoke,Fantasy,12,8.43,Toei Animation,798,wear record join
Saiki Kusuo no -nan 2,Comedy,24,8.43,J.C.Staff,162,us trip wrong
Vivy: Fluorite Eye's Song,Action,13,8.43,Wit Studio,371,visit development positive
Saiki Kusuo no -nan,Comedy,120,8.42,J.C.Staff,168,for student room
Major S5,Comedy,25,8.41,SynergySP,231,point street among
Natsume Yuujinchou Movie: Utsusemi ni Musubu,Drama,1,8.41,Shuka,522,material you born
Sayonara no Asa ni Yakusoku no Hana wo Kazarou,Drama,1,8.41,P.A. Works,415,office great left
Shingeki no Kyojin: Kuinaki Sentaku,Action,2,8.41,Wit Studio,393,billion although agency
Violet Evergarden Gaiden: Eien to Jidou Shuki Ningyou,Drama,1,8.41,Kyoto Animation,448,once phone face
Kaguya-sama wa Kokurasetai: Tensai-tachi no Renai Zunousen,Comedy,12,8.41,A-1 Pictures,327,draw always appear
Gintama: Aizome Kaori-hen,Comedy,2,8.40,Bandai Namco Pictures,429,onto reduce side
Houseki no Kuni,Action,12,8.40,Orange,189,shake learn vote
Hunter x Hunter,Action,62,8.40,Nippon Animation,374,answer yeah threat
Kara no Kyoukai Movie 7: Satsujin Kousatsu (Go),Action,1,8.40,ufotable,355,believe next guess
Kaze ga Tsuyoku Fuiteiru,Drama,23,8.40,Production I.G,416,night bring maintain
Tensei shitara Slime Datta Ken 2nd Season,Action,12,8.40,8bit,303,her break table
Tian Guan Ci Fu,Action,11,8.40,Haoliners Animation League,430,physical back challenge
Yoru ni Kakeru,Music,1,8.40,add some,71,candidate even peace
Natsume Yuujinchou Roku Specials,Drama,2,8.39,Shuka,463,hand floor specific
Non Non Biyori Nonstop,Slice of Life,12,8.39,SILVER LINK.,298,factor born since
3-gatsu no Lion,Drama,22,8.39,Shaft,50,much call organization
Barakamon,Slice of Life,12,8.39,Kinema Citrus,317,business policy lose
Chihayafuru 2,Drama,25,8.39,Madhouse,719,range face believe
Cross Game,Drama,50,8.39,SynergySP,268,forward purpose child
Dr. Stone: Ryuusui,Adventure,1,8.39,TMS Entertainment,134,court poor measure
Kamisama Hajimemashita: Kako-hen,Comedy,4,8.39,TMS Entertainment,499,my important send
Baccano!,Action,13,8.38,Brain's Base,564,month gun never
Cowboy Bebop: Tengoku no Tobira,Action,1,8.38,Bones,624,free cell production
Fumetsu no Anata e,Adventure,20,8.38,Brain's Base,208,writer push question
Kimetsu no Yaiba: Mugen Ressha-hen,Action,7,8.38,ufotable,670,body anything southern
Kizumonogatari I: Tekketsu-hen,Vampire,1,8.37,Shaft,28,concern goal forward
Mahou Shoujo MadokaMagica Movie 2: Eien no Monogatari,Drama,1,8.37,Shaft,603,garden book similar
Mushoku Tensei: Isekai Ittara Honki Dasu,Drama,11,8.37,Studio Bind,570,region financial organization
Usagi Drop,Slice of Life,11,8.37,Production I.G,245,trade read tell
Yahari Ore no Seishun Love Comedy wa Machigatteiru. Kan,Comedy,12,8.37,feel.,274,table bank network
Made in Abyss Movie 2: Hourou Suru Tasogare,Adventure,1,8.36,Kinema Citrus,313,look contain find
Mahou Shoujo MadokaMagica,Drama,12,8.36,Shaft,70,middle hundred forward
Re:Zero kara Hajimeru Isekai Seikatsu 2nd Season,Drama,13,8.36,White Fox,409,letter tonight interest
Bakuman. 2nd Season,Comedy,25,8.36,J.C.Staff,144,manage perform car
Haikyuu!! To the Top,Sports,13,8.36,Production I.G,692,build or institution
Hellsing Ultimate,Action,10,8.36,Madhouse,475,choice school marriage
Kaze no Tani no Nausicaa,Adventure,1,8.36,Topcraft,429,together perform seven
Gintama: Shiroyasha Koutan,Action,1,8.35,Sunrise,400,three rather level
K-On! Movie,Comedy,1,8.35,Kyoto Animation,229,position art suggest
Kiseijuu: Sei no Kakuritsu,Action,24,8.35,Madhouse,660,part both smile
Kobayashi-san Chi no Maid Dragon S,Fantasy,12,8.35,Kyoto Animation,715,security might gas
Psycho-Pass,Action,22,8.35,Production I.G,707,bit happen sell
Major S6,Comedy,25,8.34,SynergySP,546,I right present
Neon Genesis Evangelion,Action,26,8.34,Gainax,63,game political poor
One Outs,Sports,25,8.34,Madhouse,707,song run right
Bakemonogatari,Mystery,15,8.34,Shaft,304,today game citizen
Given,Boys Love,11,8.34,Lerche,372,into throw Congress
Gotcha!,Fantasy,1,8.34,Bones,223,item first capital
Kingdom 2nd Season,Action,39,8.34,Pierrot,124,left hard responsibility
Mobile Suit Gundam: The Origin,Action,6,8.33,Sunrise,196,nation management enjoy
Natsume Yuujinchou: Itsuka Yuki no Hi ni,Drama,1,8.33,Brain's Base,119,senior today main
Overlord IV,Action,13,8.33,Madhouse,116,want table heavy
Romeo no Aoi Sora,Adventure,33,8.33,Nippon Animation,697,tree election rock
Uchuu Senkan Yamato 2199,Action,26,8.33,Xebec,317,citizen enjoy rate
Versailles no Bara,Drama,40,8.33,Tokyo Movie Shinsha,682,society most it
Natsume Yuujinchou,Drama,13,8.32,Brain's Base,698,your remember natural
Natsume Yuujinchou Go Specials,Drama,2,8.32,Shuka,764,image food gun
NHK ni Youkoso!,Comedy,24,8.32,Gonzo,629,allow but may
Ookami to Koushinryou II,Adventure,12,8.32,Brain's Base,744,what me that
Sakamichi no Apollon,Drama,12,8.32,Tezuka Productions,82,avoid pretty cell
Tensei shitara Slime Datta Ken 2nd Season Part 2,Action,12,8.32,8bit,669,environment nor order
"Violet Evergarden: Kitto ""Ai"" wo Shiru Hi ga Kuru no Darou",Drama,1,8.32,Kyoto Animation,734,often movie song
Ano Hi Mita Hana no Namae wo Bokutachi wa Mada Shiranai.,Drama,11,8.32,A-1 Pictures,328,especially investment bank
Doupo Cangqiong: San Nian Zhi Yue,Action,13,8.32,Motion Magic,106,continue need enjoy
Evangelion: 2.0 You Can (Not) Advance,Action,1,8.32,Khara,195,lot expert no
Fate/stay night: Unlimited Blade Works 2nd Season,Action,13,8.32,ufotable,579,check say between
Holo no Graffiti,Comedy,10,8.32,Hololive Production,526,member seven newspaper
Initial D First Stage,Action,26,8.32,Gallop,400,top agent not
Katanagatari,Action,12,8.32,White Fox,83,would each four
Kawaki wo Ameku,Music,1,8.32,add some,29,foreign note executive
Kemono no Souja Erin,Drama,50,8.32,Production I.G,685,note record dark
Boku dake ga Inai Machi,Mystery,12,8.31,A-1 Pictures,746,born between page
Hunter x Hunter: Original Video Animation,Action,8,8.31,Nippon Animation,220,government standard she
JoJo no Kimyou na Bouken Part 6: Stone Ocean,Action,12,8.31,David Production,160,practice around goal
Kuroko no Basket 3rd Season,Sports,25,8.31,Production I.G,404,president position each
Shelter (Music),Sci-Fi,1,8.31,A-1 Pictures,787,people direction certainly
Sono Bisque Doll wa Koi wo Suru,Romance,12,8.31,CloverWorks,565,heavy listen difference
Tenki no Ko,Drama,1,8.31,CoMix Wave Films,437,political concern under
Major: World Series,Comedy,2,8.30,SynergySP,617,culture compare war
Shinsekai yori,Drama,25,8.30,A-1 Pictures,35,structure Mrs poor
Steins;Gate: Oukoubakko no Poriomania,Comedy,1,8.30,White Fox,627,interview other particularly
World Trigger 3rd Season,Action,14,8.30,Toei Animation,214,people do able
Detective Conan Movie 06: The Phantom of Baker Street,Adventure,1,8.30,TMS Entertainment,222,write look start
Diamond no Ace: Second Season,Sports,51,8.30,Production I.G,308,attention majority inside
Doukyuusei (Movie),Boys Love,1,8.30,A-1 Pictures,785,beat manage himself
Hibike! Euphonium 2,Drama,13,8.30,Kyoto Animation,645,eight plan change
Hotarubi no Mori e,Drama,1,8.30,Brain's Base,41,and relationship night
Beck,Comedy,26,8.29,Madhouse,679,break bed listen
Dr. Stone,Adventure,24,8.29,TMS Entertainment,759,professional any mind
Fate/Zero,Action,13,8.29,ufotable,603,physical ground eat
Gintama: Shinyaku Benizakura-hen,Action,1,8.29,Sunrise,193,almost song from
Kino no Tabi: The Beautiful World,Action,13,8.29,A.C.G.T.,640,minute themselves various
Kotarou wa Hitorigurashi,Comedy,10,8.29,LIDENFILMS,698,level next agent
Rurouni Kenshin: Meiji Kenkaku Romantan,Action,94,8.29,Gallop,396,rich bit truth
Shirobako,Comedy,24,8.29,P.A. Works,140,water would back
Nodame Cantabile,Comedy,23,8.28,J.C.Staff,453,or amount indicate
Redline,Action,1,8.28,Madhouse,204,control live international
Tokyo Godfathers,Comedy,1,8.28,Madhouse,715,choose single former
Tsubasa: Tokyo Revelations,Action,3,8.28,Production I.G,47,while present visit
Ashita no Joe,Action,79,8.28,Mushi Production,278,always baby must
Gin no Saji 2nd Season,Comedy,11,8.28,A-1 Pictures,301,already could experience
Gyakkyou Burai Kaiji: Ultimate Survivor,Suspense,26,8.28,Madhouse,197,color her cover
Bakemono no Ko,Adventure,1,8.27,Studio Chizu,538,case for even
Hajime no Ippo: Champion Road,Sports,1,8.27,Madhouse,669,floor couple two
JoJo no Kimyou na Bouken Part 6: Stone Ocean Part 2,Action,12,8.27,David Production,261,ever partner recent
Kono Subarashii Sekai ni Shukufuku wo! 2,Adventure,10,8.27,Studio Deen,10,per alone note
Koukaku Kidoutai,Action,1,8.27,Production I.G,793,one American right
Yuru Camp,Slice of Life,12,8.27,C-Station,548,popular create over
Lycoris Recoil,Action,13,8.27,A-1 Pictures,147,view food spring
Planetes,Drama,26,8.27,Sunrise,760,personal reality order
Stranger: Mukou Hadan,Action,1,8.27,Bones,14,than guy world
Seishun Buta Yarou wa Bunny Girl Senpai no Yume wo Minai,Comedy,13,8.26,CloverWorks,512,relate like generation
SpaceDandy 2nd Season,Comedy,13,8.26,Bones,277,just real here
Tenkuu no Shiro Laputa,Adventure,1,8.26,Studio Ghibli,652,make suddenly health
Tonari no Totoro,Adventure,1,8.26,Studio Ghibli,403,inside memory significant
86,Action,11,8.26,A-1 Pictures,225,which nearly loss
Diamond no Ace: Act II,Sports,52,8.26,Madhouse,293,certainly able speak
Ginga Eiyuu Densetsu: Die Neue These - Gekitotsu,Drama,12,8.26,Production I.G,420,of both sound
Hunter x Hunter: Greed Island Final,Action,14,8.26,Nippon Animation,191,value computer model
Initial D Final Stage,Racing,4,8.26,SynergySP,698,just art get
Great Pretender,Action,23,8.25,Wit Studio,376,church imagine move
Gyakkyou Burai Kaiji: Hakairoku-hen,Suspense,26,8.25,Madhouse,604,safe drive hair
Kuroshitsuji Movie: Book of the Atlantic,Action,1,8.25,A-1 Pictures,616,expert able win
Non Non Biyori Movie: Vacation,Slice of Life,1,8.25,SILVER LINK.,590,weight improve any
Paripi Koumei,Adult Cast,12,8.25,P.A. Works,17,single season first
Sasaki to Miyano,Boys Love,12,8.25,Studio Deen,299,job least rock
Sennen Joyuu,Action,1,8.25,Madhouse,352,those type hour
Steins;Gate: Kyoukaimenjou no Missing Link - Divide By Zero,Sci-Fi,1,8.25,White Fox,159,include young best
Wu Liuqi Zhi Zui Qiang Fa Xing Shi,Action,10,8.25,add some,621,trouble Mrs family
Yuukoku no Moriarty Part 2,Mystery,13,8.25,Production I.G,505,will far article
Danshi Koukousei no Nichijou,Comedy,12,8.24,Sunrise,194,will yes poor
Detective Conan: Episode One - The Great Detective Turned Small,Adventure,1,8.24,TMS Entertainment,486,scientist performance thing
Dororo,Action,24,8.24,Tezuka Productions,346,agreement family party
Ginga Eiyuu Densetsu: Die Neue These - Seiran 3,Drama,4,8.24,Production I.G,332,knowledge career itself
Naruto: Shippuuden,Action,500,8.24,Pierrot,435,fly during story
Nodame Cantabile: Finale,Comedy,11,8.24,J.C.Staff,659,approach like think
One Piece Movie 14: Stampede,Action,1,8.24,Toei Animation,308,teach fill seek
Re:Zero kara Hajimeru Isekai Seikatsu,Drama,25,8.24,White Fox,4,company view main
Youjo Senki Movie,Action,1,8.24,Nut,600,oil social get
Magi: The Kingdom of Magic,Action,25,8.23,A-1 Pictures,217,act budget focus
Major S1,Comedy,26,8.23,Studio Hibari,707,however candidate likely
Major S3,Drama,26,8.23,Studio Hibari,322,investment economy laugh
Mobile Suit Gundam: Iron-Blooded Orphans 2nd Season,Action,25,8.23,Sunrise,736,election care box
Ookami to Koushinryou,Adventure,13,8.23,Imagin,676,star source less
Quanzhi Gaoshou Specials,Action,3,8.23,Tencent Animation & Comics,769,environment save simply
Golden Kamuy 2nd Season,Action,12,8.23,Geno Studio,1,son natural painting
Hajime no Ippo: Mashiba vs. Kimura,Sports,1,8.23,Madhouse,397,physical green half
Kuroko no Basket 2nd Season,Sports,25,8.23,Production I.G,743,discover difficult raise
Bungou Stray Dogs 3rd Season,Action,12,8.22,Bones,182,book very property
Detective Conan Movie 13: The Raven Chaser,Action,1,8.22,Tokyo Movie Shinsha,38,animal certainly must
Fruits Basket 1st Season,Drama,25,8.22,TMS Entertainment,50,always enter page
Hachimitsu to Clover II,Drama,12,8.22,J.C.Staff,413,clearly member above
Kono Sekai no Katasumi ni,Drama,1,8.22,MAPPA,423,need its hand
Luo Xiao Hei Zhan Ji (Movie),Adventure,1,8.22,add some,183,only beyond year
Mahou Shoujo MadokaMagica Movie 1: Hajimari no Monogatari,Drama,1,8.22,Shaft,123,exactly they painting
Mimi wo Sumaseba,Drama,1,8.22,Studio Ghibli,666,card behavior purpose
SKET Dance,Comedy,77,8.22,Tatsunoko Production,263,effort create bill
Trigun,Action,26,8.22,Madhouse,256,sit future whom
xxxHOLiC: Kei,Comedy,13,8.22,Production I.G,783,base behind dog
Yahari Ore no Seishun Love Comedy wa Machigatteiru. Zoku,Comedy,13,8.22,feel.,784,still address southern
Majo no Takkyuubin,Adventure,1,8.21,Studio Ghibli,434,color once forget
No Game No Life: Zero,Drama,1,8.21,Madhouse,262,understand home even
Nomad: Megalo Box 2,Drama,13,8.21,TMS Entertainment,111,try kitchen various
ReLIFE: Kanketsu-hen,Romance,4,8.21,TMS Entertainment,305,almost set another
Saiki Kusuo no -nan: Kanketsu-hen,Comedy,1,8.21,J.C.Staff,690,reduce special customer
Vanitas no Karte Part 2,Supernatural,12,8.21,Bones,592,onto since same
Horimiya,Romance,13,8.21,CloverWorks,213,program save local
Kaguya-hime no Monogatari,Fantasy,1,8.21,Studio Ghibli,773,rate baby agency
Berserk: Ougon Jidai-hen III - Kourin,Action,1,8.20,Studio 4C,138,sea matter really
Bungou Stray Dogs 2nd Season,Action,12,8.20,Bones,186,space let thing
Cardcaptor Sakura Movie 2: Fuuin Sareta Card,Comedy,1,8.20,Madhouse,208,plan politics positive
IDOLiSH7: Third Beat!,Drama,13,8.20,TROYCA,561,American authority environment
InuYasha: Kanketsu-hen,Action,26,8.20,Sunrise,135,site degree want
Kamisama Hajimemashita,Comedy,12,8.20,TMS Entertainment,62,meeting still those
Little Busters!: Refrain,Comedy,13,8.20,J.C.Staff,764,full least past
Major S2,Comedy,26,8.20,Studio Hibari,403,throughout back point
Major S4,Comedy,26,8.20,SynergySP,113,forward stand any
Shoujo Shuumatsu Ryokou,Adventure,12,8.20,White Fox,502,or tax leg
Stand By Me Doraemon 2,Comedy,1,8.20,Shirogumi,531,tonight suggest participant
Tanoshii Muumin Ikka,Adventure,78,8.20,Telescreen,84,sign part some
xxxHOLiC: Rou,Mystery,2,8.20,Production I.G,577,social me market
Maison Ikkoku,Comedy,96,8.19,Studio Deen,380,whether determine expect
Non Non Biyori Repeat,Slice of Life,12,8.19,SILVER LINK.,389,suggest drop know
One Piece: Episode of Merry - Mou Hitori no Nakama no Monogatari,Action,1,8.19,Toei Animation,148,knowledge something voice
Ramayana: The Legend of Prince Rama,Adventure,1,8.19,Nippon Ramayana Film Co.,714,best family lot
Senki Zesshou Symphogear XV,Action,13,8.19,Satelight,592,point recognize put
Shoujo Kakumei Utena,Comedy,39,8.19,J.C.Staff,354,rather natural adult
Toaru Kagaku no Railgun T,Action,25,8.19,J.C.Staff,777,senior budget win
Yoru wa Mijikashi Arukeyo Otome,Comedy,1,8.19,Science SARU,235,country here management
Asobi Asobase,Comedy,12,8.19,Lerche,24,seat also even
Bakuman.,Comedy,25,8.19,J.C.Staff,392,city same price
Ballroom e Youkoso,Comedy,24,8.19,Production I.G,428,economy by course
Chihayafuru,Drama,25,8.19,Madhouse,49,happen billion true
Fate/stay night Movie: Heaven's Feel - I. Presage Flower,Action,1,8.19,ufotable,262,various learn deep
Fate/stay night: Unlimited Blade Works,Action,12,8.19,ufotable,451,decision network decision
Girls & Panzer Movie,Sports,1,8.19,Actas,124,professional just thus
Higurashi no Naku Koro ni Kai,Mystery,24,8.19,Studio Deen,571,one technology keep
Hunter x Hunter: Greed Island,Action,8,8.19,Nippon Animation,717,majority little account
Liz to Aoi Tori,Drama,1,8.19,Kyoto Animation,499,put year determine
Black Lagoon: The Second Barrage,Action,12,8.18,Madhouse,481,various realize home
Dr. Stone: Stone Wars,Adventure,11,8.18,TMS Entertainment,666,career suffer offer
Eiga Daisuki Pompo-san (Movie),Comedy,1,8.18,CLAP,194,animal seek program
Girls & Panzer: Saishuushou Part 3,Military,1,8.18,Actas,739,task he understand
Aria the Natural,Fantasy,26,8.17,Hal Film Maker,293,smile tree force
Detective Conan Movie 20: The Darkest Nightmare,Action,1,8.17,TMS Entertainment,458,few matter popular
Digimon Adventure: Last Evolution Kizuna,Action,1,8.17,Yumeta Company,148,appear some sign
Haikyuu!! Movie 4: Concept no Tatakai,Sports,1,8.17,Production I.G,693,customer everything partner
K-On!!,Comedy,26,8.17,Kyoto Animation,264,his some first
Noragami Aragoto,Action,13,8.17,Bones,663,pressure try several
Shokugeki no Souma,Gourmet,24,8.17,J.C.Staff,797,increase less natural
Major: Message,Comedy,1,8.16,SynergySP,517,expect field trouble
Ouran Koukou Host Club,Comedy,26,8.16,Bones,289,series size thank
Tengen Toppa Gurren Lagann Movie 1: Gurren-hen,Action,1,8.16,Gainax,60,such behind carry
Working!!!: Lord of the Takanashi,Comedy,1,8.16,A-1 Pictures,640,somebody page cut
Death Parade,Drama,12,8.16,Madhouse,656,believe manage east
Detective Conan,Adventure,40,8.16,TMS Entertainment,557,seat east bring
Kaguya-sama wa Kokurasetai: Ultra Romantic Teaser PV - Ishigami Yuu wa Kataritai,Comedy,1,8.16,A-1 Pictures,230,condition magazine town
Kyoukai no Kanata Movie 2: I'll Be Here - Mirai-hen,Fantasy,1,8.16,Kyoto Animation,273,whatever same fund
Akira,Action,1,8.15,Tokyo Movie Shinsha,271,group arm little
Cardcaptor Sakura,Adventure,70,8.15,Madhouse,447,nor cost everything
Dragon Ball Z,Action,291,8.15,Toei Animation,581,bag reduce watch
Gankutsuou,Drama,24,8.15,Gonzo,537,various yourself involve
Given Movie,Boys Love,1,8.15,Lerche,510,hot several road
Given: Uragawa no Sonzai,Boys Love,1,8.15,Lerche,531,nation value policy
Hinamatsuri (TV),Comedy,12,8.15,feel.,43,teach still you
Initial D Fourth Stage,Action,24,8.15,A.C.G.T.,422,size baby thousand
Initial D Second Stage,Action,13,8.15,Pastel,455,simple drop two
Yuukoku no Moriarty,Mystery,11,8.15,Production I.G,719,music door simply
Lupin III: Cagliostro no Shiro,Action,1,8.15,Tokyo Movie Shinsha,93,discussion perhaps according
Nisemonogatari,Comedy,11,8.15,Shaft,244,sea hotel right
Non Non Biyori Nonstop: Bukatsu wo Ganbatta,Slice of Life,1,8.15,SILVER LINK.,350,common red weight
One Piece Film: Z,Action,1,8.15,Toei Animation,692,fill structure floor
Lupin III: Part 5,Action,24,8.14,Telecom Animation Film,368,issue hope vote
Made in Abyss Movie 1: Tabidachi no Yoake,Adventure,1,8.14,Kinema Citrus,601,air task animal
Natsume Yuujinchou: Ishi Okoshi to Ayashiki Raihousha,Drama,1,8.14,Shuka,787,character industry manager
Nodame Cantabile: Paris-hen,Comedy,11,8.14,J.C.Staff,13,study serve society
Seirei no Moribito,Action,26,8.14,Production I.G,349,situation professor often
Ao Ashi,Sports,24,8.14,Production I.G,709,stock nice mind
Boku no Hero Academia 2nd Season,Action,25,8.14,Bones,783,large recognize situation
Dragon Ball Super: Broly,Action,1,8.14,Toei Animation,673,traditional soon then
Eizouken ni wa Te wo Dasu na!,Adventure,12,8.14,Science SARU,648,stage Mr blue
IDOLiSH7: Second Beat!,Drama,15,8.14,TROYCA,690,worry exactly benefit
Kaiba,Adventure,12,8.14,Madhouse,353,son wide project
Kamisama Hajimemashita: Kamisama-Shiawase ni Naru,Comedy,1,8.14,TMS Entertainment,760,government of hear
Katekyo Hitman Reborn!,Action,203,8.14,Artland,555,stuff two environmental
Komi-san wa-Comyushou desu. 2nd Season,Comedy,12,8.14,OLM,432,determine before follow
Black Clover,Action,170,8.13,Pierrot,678,rest public language
Ginga Eiyuu Densetsu: Die Neue These - Seiran 2,Drama,4,8.13,Production I.G,234,treat with act
Interstella5555: The 5tory of The 5ecret 5tar 5ystem,Adventure,1,8.13,Toei Animation,246,call outside him
Mahou Shoujo Lyrical Nanoha: The Movie 2nd A's,Action,1,8.13,Seven Arcs,193,across continue popular
Tensei shitara Slime Datta Ken,Action,24,8.13,8bit,54,think weight tough
Toki wo Kakeru Shoujo,Drama,1,8.13,Madhouse,259,chair difference table
Mobile Suit Gundam 00,Action,25,8.12,Sunrise,696,point care resource
Mobile Suit Gundam: The Origin - Advent of the Red Comet,Action,13,8.12,Sunrise,483,out true beautiful
One Piece: Episode of Nami - Koukaishi no Namida to Nakama no Kizuna,Action,1,8.12,Toei Animation,709,nice not suffer
Princess Tutu,Comedy,38,8.12,Hal Film Maker,620,should term three
Tonikaku Kawaii: SNS,Comedy,1,8.12,Seven Arcs,364,tell through change
Chuunibyou demo Koi ga Shitai! Movie: Take On Me,Comedy,1,8.12,Kyoto Animation,517,score rich artist
Detective Conan Movie 05: Countdown to Heaven,Adventure,1,8.12,TMS Entertainment,82,back its person
Detective Conan Movie 14: The Lost Ship in the Sky,Action,1,8.12,Tokyo Movie Shinsha,73,by under get
Durarara!!,Action,24,8.12,Brain's Base,558,write society investment
Fullmetal Alchemist,Action,51,8.12,Bones,213,rise believe save
Ginga Eiyuu Densetsu Gaiden,Action,24,8.12,Artland,654,wear whether wall
Haikyuu!! Movie 3: Sainou to Sense,Sports,1,8.12,Production I.G,357,once mother marriage
Honzuki no Gekokujou: Shisho ni Naru Tame ni wa Shudan wo Erandeiraremasen 2nd Season,Fantasy,12,8.12,Ajia-Do,607,huge every impact
Kono Subarashii Sekai ni Shukufuku wo!,Adventure,10,8.12,Studio Deen,662,quickly training cover
Kuragehime,Comedy,11,8.12,Brain's Base,563,might unit give
5-toubun no Hanayome ,Comedy,12,8.11,Bibury Animation Studios,620,face former pressure
Detroit Metal City,Comedy,12,8.11,Studio 4C,233,improve make clearly
Diamond no Ace,Sports,75,8.11,Production I.G,247,impact claim population
Gintama': Futon ni Haitte kara Buki Nokoshi ni Kizuite Neru ni Nerenai Toki mo Aru,Action,1,8.11,Sunrise,711,wish war along
Gintama: Umai-mono wa Atomawashi ni Suru to Yokodorisareru kara Yappari Saki ni Kue,Action,1,8.11,Bandai Namco Pictures,147,far mind policy
Koukaku Kidoutai: Stand Alone Complex - Solid State Society,Mystery,1,8.11,Production I.G,547,court force chair
Mahoutsukai no Yome: Hoshi Matsu Hito,Fantasy,3,8.11,Wit Studio,289,goal never building
Mo Dao Zu Shi Q,Comedy,30,8.11,B.CMAY PICTURES,429,area point particular
Mobile Suit Gundam Unicorn,Action,7,8.11,Sunrise,682,black though history
Saiki Kusuo no -nan: -shidou-hen,Comedy,6,8.11,J.C.Staff,60,spring either near
Shokugeki no Souma: Ni no Sara,Gourmet,13,8.11,J.C.Staff,49,face same produce
No Game No Life,Comedy,12,8.10,Madhouse,500,mouth form argue
One Piece Film: Strong World,Action,1,8.10,Toei Animation,679,million strong culture
Sakura-sou no Pet na Kanojo,Drama,24,8.10,J.C.Staff,269,test little style
Tamayura: Sotsugyou Shashin Part 4 - Ashita,Comedy,1,8.10,TYO Animations,589,free set care
Toradora!,Drama,25,8.10,J.C.Staff,80,yes stage listen
Tsubasa: Shunraiki,Action,2,8.10,Production I.G,136,according job firm
Tsukimonogatari,Comedy,4,8.10,Shaft,129,consider fine scene
Uchouten Kazoku 2,Comedy,12,8.10,P.A. Works,23,theory investment get
Akatsuki no Yona OVA,Action,3,8.10,Pierrot,282,last official event
Ansatsu Kyoushitsu,Action,22,8.10,Lerche,150,choose capital daughter
Baccano! Specials,Action,3,8.10,Brain's Base,196,worker their him
JoJo no Kimyou na Bouken Part 3: Stardust Crusaders,Action,24,8.10,David Production,250,evidence clear church
Kaze Tachinu,Drama,1,8.10,Studio Ghibli,552,get physical move
Kuroko no Basket: Saikou no Present Desu,Action,1,8.10,Production I.G,436,parent agree maybe
Zankyou no Terror,Mystery,11,8.10,MAPPA,280,answer want dark
Love Live! Superstar!! 2nd Season,Slice of Life,12,8.09,Sunrise,740,almost big know
Mirai Shounen Conan,Adventure,26,8.09,Nippon Animation,16,first skin worry
Mobile Suit Gundam 00 Second Season,Action,25,8.09,Sunrise,12,rest off including
Quanzhi Gaoshou: Dianfeng Rongyao,Action,1,8.09,Colored Pencil Animation,619,amount sister keep
Saint Seiya: The Lost Canvas - Meiou Shinwa 2,Action,13,8.09,TMS Entertainment,450,plan especially box
Skip Beat!,Comedy,25,8.09,Hal Film Maker,281,lose much political
Tokyo Revengers,Action,24,8.09,LIDENFILMS,335,production actually scene
Gin no Saji,Comedy,11,8.09,A-1 Pictures,419,decide either than
Ginga Eiyuu Densetsu: Arata naru Tatakai no Overture,Action,1,8.09,Magic Bus,580,art language fact
Hajime no Ippo: Boxer no Kobushi,Sports,1,8.09,Madhouse,786,although change note
Honzuki no Gekokujou: Shisho ni Naru Tame ni wa Shudan wo Erandeiraremasen 3rd Season,Fantasy,10,8.09,Ajia-Do,103,put dog benefit
Hyouka,Mystery,22,8.09,Kyoto Animation,568,apply movie not
Kanata no Astra,Adventure,12,8.09,Lerche,752,put morning feeling
Gintama: Nanigoto mo Saiyo ga Kanjin nano de Tasho Senobisuru Kurai ga Choudoyoi,Action,1,8.08,Sunrise,290,pressure guess their
Hikaru no Go,Comedy,75,8.08,Pierrot,592,serious stuff whose
Initial D Fifth Stage,Action,14,8.08,SynergySP,561,performance answer eat
Karakai Jouzu no Takagi-san 2,Comedy,12,8.08,Shin-Ei Animation,600,true central trip
Koukaku Kidoutai: Stand Alone Complex - The Laughing Man,Action,1,8.08,Production I.G,541,response writer every
Kuroko no Basket Movie 4: Last Game,Sports,1,8.08,Production I.G,333,way can accept
Stand By Me Doraemon,Comedy,1,8.08,Shirogumi,215,move every meet
Tsuki ga Kirei,Romance,12,8.08,feel.,725,catch recently sound
World Trigger 2nd Season,Action,12,8.08,Toei Animation,202,letter person whatever
Yowamushi Pedal: Grande Road,Sports,24,8.08,TMS Entertainment,545,later shoulder only
Mahoutsukai no Yome,Fantasy,24,8.07,Wit Studio,10,cut western lose
Mairimashita! Iruma-kun 2nd Season,Comedy,21,8.07,Bandai Namco Pictures,606,whether human too
Serial Experiments Lain,Avant Garde,13,8.07,Triangle Staff,418,American about I
Youkoso Jitsuryoku Shijou Shugi no Kyoushitsu e 2nd Season,Drama,13,8.07,Lerche,618,pay statement ever
Yuusha-Ou GaoGaiGar Final,Adventure,8,8.07,Sunrise,350,across during business
Angel Beats!,Drama,13,8.07,P.A. Works,490,create degree information
Boku no Hero Academia 3rd Season,Action,25,8.07,Bones,687,little protect physical
Darker than Black: Kuro no Keiyakusha,Action,25,8.07,Bones,441,clearly magazine something
Detective Conan Movie 08: Magician of the Silver Sky,Adventure,1,8.07,TMS Entertainment,789,world laugh measure
Detective Conan Movie 18: The Sniper from Another Dimension,Action,1,8.07,TMS Entertainment,676,medical base accept
Doraemon Movie 31: Shin Nobita to Tetsujin Heidan - Habatake Tenshi-tachi,Adventure,1,8.07,Shin-Ei Animation,553,foot seek behind
Dorohedoro,Action,12,8.07,MAPPA,788,usually quite off
Durarara!!x2 Ketsu,Action,12,8.07,Shuka,681,scientist suddenly agree
Gintama: Dai Hanseikai,Action,1,8.07,Sunrise,273,method outside control
Girls & Panzer: Saishuushou Part 2,Military,1,8.07,Actas,573,tree early military
Kuroko no Basket,Sports,25,8.07,Production I.G,718,accept go something
Kuroshitsuji: Book of Circus,Action,10,8.07,A-1 Pictures,573,thus both something
Kuroshitsuji: Book of Murder,Action,2,8.07,A-1 Pictures,720,which marriage audience
City Hunter 2,Action,63,8.06,Sunrise,268,try physical least
Dennou Coil,Adventure,26,8.06,Madhouse,744,trial evening trade
Ginga Eiyuu Densetsu Gaiden (1999),Action,28,8.06,Artland,407,pass street create
Glass no Kamen (2005),Drama,51,8.06,Tokyo Movie Shinsha,519,too spring anything
Gosick,Drama,24,8.06,Bones,662,blood citizen west
Hidamari Sketch: Sae Hiro Sotsugyou-hen,Comedy,2,8.06,Shaft,195,white majority sort
Koukyoushihen Eureka Seven,Adventure,50,8.06,Bones,90,whom forward add
Omoide no Marnie,Drama,1,8.06,Studio Ghibli,770,bag among yard
Shijou Saikyou no Deshi Kenichi,Action,50,8.06,TMS Entertainment,137,make hope current
xxxHOLiC: Shunmuki,Comedy,2,8.05,Production I.G,166,reason its best
Yofukashi no Uta,Romance,13,8.05,LIDENFILMS,110,side surface growth
Fate/stay night: Unlimited Blade Works Prologue,Action,1,8.05,ufotable,17,last science share
Hololive Alternative,Music,2,8.05,Hololive Production,625,popular majority very
Karakai Jouzu no Takagi-san Movie,Iyashikei,1,8.05,Shin-Ei Animation,86,its whether yet
Kodomo no Omocha (TV),Comedy,102,8.05,Gallop,698,difficult score gun
Kyou kara Ore wa!!,Comedy,10,8.05,Pierrot,103,guess very street
Detective Conan Movie 10: Requiem of the Detectives,Adventure,1,8.04,TMS Entertainment,138,none first edge
Full Metal Panic? Fumoffu,Action,12,8.04,Kyoto Animation,225,pick remain appear
Kara no Kyoukai Movie 3: Tsuukaku Zanryuu,Action,1,8.04,ufotable,663,without close picture
Kill la Kill,Action,24,8.04,Trigger,786,whose them cold
Mobile Suit Gundam: Iron-Blooded Orphans,Action,25,8.04,Sunrise,477,sort should other
Paprika,Avant Garde,1,8.04,Madhouse,722,so current ability
Saint Seiya: Meiou Hades Juuni Kyuu-hen,Adventure,13,8.04,Toei Animation,437,small across animal
Summer Wars,Comedy,1,8.04,Madhouse,355,nor continue early
Yahari Ore no Seishun Love Comedy wa Machigatteiru. Zoku OVA,Comedy,1,8.04,feel.,187,want address improve
LovelyComplex,Comedy,24,8.03,Toei Animation,501,particular current whole
Saiunkoku Monogatari 2nd Season,Adventure,39,8.03,Madhouse,174,share similar level
SK,Sports,12,8.03,Bones,400,defense why shoulder
Toaru Kagaku no Railgun S,Action,24,8.03,J.C.Staff,167,tend able tree
Tsumiki no Ie,Award Winning,1,8.03,Oh! Production,576,set production speech
Akatsuki no Yona,Action,24,8.03,Pierrot,127,view someone police
BanG Dream! 3rd Season,Music,13,8.03,SANZIGEN,506,image of between
Black Lagoon,Action,12,8.03,Madhouse,305,stage hope either
Black Lagoon: Roberta's Blood Trail,Action,5,8.03,Madhouse,686,trip theory usually
Detective Conan Movie 03: The Last Wizard of the Century,Adventure,1,8.03,TMS Entertainment,12,tell offer leg
Detective Conan Movie 04: Captured in Her Eyes,Adventure,1,8.03,TMS Entertainment,126,cold whom outside
Douluo Dalu 2nd Season,Action,224,8.03,Sparkly Key Animation Studio,289,mind practice ask
Eve no Jikan,Sci-Fi,6,8.03,Studio Rikka,402,whose discuss against
FLCL,Action,6,8.03,Gainax,419,different understand force
Ginga Nagareboshi Gin,Action,21,8.03,Toei Animation,54,put whether local
Golden Boy,Adventure,6,8.03,APPP,706,fact read color
Juuni Kokuki,Action,45,8.03,Pierrot,655,road middle quickly
Kamisama Hajimemashita OVA,Comedy,2,8.03,TMS Entertainment,773,beautiful finally throughout
Kono Subarashii Sekai ni Shukufuku wo! 2: Kono Subarashii Geijutsu ni Shukufuku wo!,Adventure,1,8.03,Studio Deen,454,song improve huge
Baby Steps 2nd Season,Sports,25,8.02,Pierrot,533,player concern still
BanG Dream! Movie: Episode of Roselia - II: Song I Am.,Music,1,8.02,SANZIGEN,694,real nation turn
D.Gray-man,Action,103,8.02,TMS Entertainment,192,want chance realize
Kami nomi zo Shiru Sekai: Megami-hen,Comedy,12,8.02,Manglobe,123,hospital imagine wind
Magi: The Labyrinth of Magic,Action,25,8.02,A-1 Pictures,434,window education use
Omae Umasou da na,Action,1,8.02,Ajia-Do,255,billion always author
Shokugeki no Souma: San no Sara,Gourmet,12,8.02,J.C.Staff,640,require even turn
Slayers Next,Adventure,26,8.02,E&G Films,168,finally might do
Tokyo Magnitude 8.0,Drama,11,8.02,Bones,335,keep relationship both
Uma Musume: Pretty Derby Season 2,Sports,13,8.02,Studio Kai,200,staff thousand new
Yahari Ore no Seishun Love Comedy wa Machigatteiru.,Comedy,13,8.02,Brain's Base,232,professor various surface
Zombieland Saga Revenge,Comedy,12,8.02,MAPPA,491,when apply see
Yuuki Yuuna wa Yuusha de Aru: Washio Sumi no Shou 3 - Yakusoku,Drama,1,8.01,Studio Gokumi,284,rich politics dinner
Aria the OVA: Arietta,Fantasy,1,8.01,Hal Film Maker,600,quite true large
Boku no Hero Academia the Movie 2: Heroes:Rising,Action,1,8.01,Bones,297,skill charge ability
Clannad,Drama,23,8.01,Kyoto Animation,525,it go personal
Detective Conan Movie 15: Quarter of Silence,Adventure,1,8.01,TMS Entertainment,211,onto daughter black
ef: A Tale of Melodies.,Drama,12,8.01,Shaft,565,write top stuff
Evangelion: 1.0 You Are (Not) Alone,Action,1,8.01,Khara,87,chance writer book
Ginga Eiyuu Densetsu: Die Neue These - Seiran 1,Drama,4,8.01,Production I.G,418,why black how
Hachimitsu to Clover,Comedy,24,8.01,J.C.Staff,604,interview dream many
Haikyuu!! Movie 2: Shousha to Haisha,Sports,1,8.01,Production I.G,266,inside water six
Honzuki no Gekokujou: Shisho ni Naru Tame ni wa Shudan wo Erandeiraremasen,Fantasy,14,8.01,Ajia-Do,422,boy red recognize
Kaichou wa Maid-sama!,Comedy,26,8.01,J.C.Staff,459,under state culture
Kara no Kyoukai Movie: Mirai Fukuin,Drama,1,8.01,ufotable,371,federal happy offer
Mobile Suit Gundam: The 08th MS Team,Adventure,12,8.01,Sunrise,303,Congress friend situation
Persona 3 the Movie 4: Winter of Rebirth,Action,1,8.01,A-1 Pictures,30,floor state Democrat
Sword Art Online: Progressive Movie - Hoshi Naki Yoru no Aria,Action,1,8.01,A-1 Pictures,349,happy class wide
Tate no Yuusha no Nariagari,Action,25,8.01,Kinema Citrus,196,authority citizen can
Pui Pui Molcar,Comedy,12,8.00,Shin-Ei Animation,512,perform bill onto
Wolf's Rain OVA,Adventure,4,8.00,Bones,579,already determine newspaper
Doupo Cangqiong 4th Season,Action,24,8.00,Motion Magic,766,job whether real
Fullmetal Alchemist: Brotherhood Specials,Drama,4,8.00,Bones,427,score again where
Hibike! Euphonium,Drama,13,8.00,Kyoto Animation,671,right right skill
Kakushigoto,Comedy,12,8.00,Ajia-Do,384,require laugh despite
Kimi ni Todoke,Drama,25,8.00,Production I.G,427,past play current
Komi-san wa-Comyushou desu.,Comedy,12,8.00,OLM,145,skin everybody administration
Koukaku Kidoutai: Stand Alone Complex 2nd GIG - Individual Eleven,Action,1,8.00,Production I.G,527,different himself tonight
Code Geass: Hangyaku no Lelouch III - Oudou,Action,1,7.99,Sunrise,478,form score light
Durarara!!x2 Shou,Action,12,7.99,Shuka,697,successful gun area
Eve no Jikan (Movie),Sci-Fi,1,7.99,Studio Rikka,145,without activity moment
Hanada Shounen-shi,Comedy,25,7.99,Madhouse,7,program whatever upon
High Score Girl: Extra Stage,Comedy,3,7.99,J.C.Staff,192,force stage most
Kimi ni Todoke 2nd Season,Drama,12,7.99,Production I.G,593,style social source
Kobayashi-san Chi no Maid Dragon,Fantasy,13,7.99,Kyoto Animation,277,next last leg
Love Live! Superstar!!,Slice of Life,12,7.99,Sunrise,600,can rest money
Maoujou de Oyasumi,Comedy,12,7.99,Doga Kobo,675,statement successful easy
Nagi no Asu kara,Drama,26,7.99,P.A. Works,360,have model sit
Ookiku Furikabutte: Natsu no Taikai-hen,Comedy,13,7.99,A-1 Pictures,630,paper official real
School Rumble Ni Gakki,Comedy,26,7.99,Studio Comet,565,size down operation
Touch,Drama,101,7.99,Group TAC,720,budget crime doctor
xxxHOLiC,Comedy,24,7.99,Production I.G,427,seem it property
Major Movie: Yuujou no Winning Shot,Action,1,7.98,Xebec,479,project explain outside
ReLIFE,Drama,13,7.98,TMS Entertainment,244,quickly about rate
Rurouni Kenshin: Meiji Kenkaku Romantan - Seisou-hen,Drama,2,7.98,Studio Deen,408,energy someone likely
Sakasama no Patema,Adventure,1,7.98,Studio Rikka,647,certain miss popular
Shokugeki no Souma: San no Sara - Tootsuki Ressha-hen,Gourmet,12,7.98,J.C.Staff,790,contain position hand
Wan Sheng Jie 2,Comedy,12,7.98,add some,497,in leg control
Akagami no Shirayuki-hime 2nd Season,Drama,12,7.98,Bones,278,skill hour six
Durarara!!x2 Ten,Action,12,7.98,Shuka,86,hear age dinner
High Score Girl II,Comedy,9,7.98,J.C.Staff,702,step yourself part
Koukaku Kidoutai 2.0,Action,1,7.98,Production I.G,506,be inside individual
Aria the Origination: Sono Choppiri Himitsu no Basho ni...,Comedy,1,7.97,Hal Film Maker,462,which always factor
Azumanga Daioh,Comedy,26,7.97,J.C.Staff,271,modern six place
Haibane Renmei,Drama,13,7.97,Radix,774,because begin however
Haikyuu!! Movie 1: Owari to Hajimari,Sports,1,7.97,Production I.G,391,just allow watch
Yuri!!! on Ice: Yuri Plisetsky GPF in Barcelona EX - Welcome to The Madness,Sports,1,7.97,MAPPA,183,value challenge alone
Mahou Shoujo Lyrical Nanoha A's,Action,13,7.97,Seven Arcs,395,member compare specific
Mushoku Tensei: Isekai Ittara Honki Dasu Special,Drama,1,7.97,Studio Bind,41,chance story partner
Naruto,Action,220,7.97,Pierrot,485,when during think
Saint Seiya: The Lost Canvas - Meiou Shinwa,Action,13,7.97,TMS Entertainment,633,final score or
Tennis no Ouji-sama: Zenkoku Taikai-hen - Final,Sports,7,7.97,M.S.C,567,pattern opportunity tree
Wan Sheng Jie,Comedy,12,7.97,add some,204,buy yes third
Working!!!,Comedy,13,7.97,A-1 Pictures,67,business mouth fire
Youjo Senki,Action,12,7.97,Nut,304,color tax can
Macross: Do You Remember Love?,Action,1,7.96,Artland,622,buy visit manager
Noragami,Action,12,7.96,Bones,149,center agency better
One Piece Film: Strong World Episode 0,Adventure,1,7.96,Toei Animation,711,cut arrive film
Phantom: Requiem for the Phantom,Action,26,7.96,Bee Train,428,result rule she
Promare,Action,1,7.96,Trigger,660,themselves contain job
Quanzhi Gaoshou 2,Action,12,7.96,Colored Pencil Animation,604,party green art
Tekkon Kinkreet,Action,1,7.96,Studio 4C,133,director how food
Detective Conan Movie 25: Halloween no Hanayome,Mystery,1,7.96,TMS Entertainment,749,its science than
Dragon Ball,Adventure,153,7.96,Toei Animation,144,across wide message
Hokuto no Ken,Action,109,7.96,Toei Animation,765,reduce away religious
IDOLiSH7 Vibrato,Drama,8,7.96,TROYCA,665,value nation ok
Isekai Ojisan,Comedy,5,7.96,AtelierPontdarc,397,human reveal race
Kanon (2006),Drama,24,7.96,Kyoto Animation,224,law Mr bed
Kobato.,Comedy,24,7.96,Madhouse,474,still box away
Bungou Stray Dogs Wan!,Comedy,12,7.95,Bones,408,lay above positive
Girls & Panzer: Saishuushou Part 1,Military,1,7.95,Actas,300,morning ability now
Hikaru no Go: Hokuto Hai e no Michi,Strategy Game,1,7.95,Pierrot,78,budget article day
Hyouge Mono,Adult Cast,39,7.95,Bee Train,695,any above world
Kindaichi Shounen no Jikenbo,Mystery,148,7.95,Toei Animation,274,difference good live
Kingdom,Action,38,7.95,Pierrot,536,push institution help
Kokoro Connect: Michi Random,Drama,4,7.95,SILVER LINK.,60,instead seem only
Kurenai no Buta,Action,1,7.95,Studio Ghibli,441,week someone fund
Macross F Movie 2: Sayonara no Tsubasa,Action,1,7.95,Satelight,365,these business center
Mawaru Penguindrum,Avant Garde,24,7.95,Brain's Base,360,various report few
Nurarihyon no Mago: Sennen Makyou,Action,24,7.95,Studio Deen,611,there front deal
Osomatsu-san,Comedy,25,7.95,Pierrot,581,daughter necessary subject
Usagi Drop Specials,Slice of Life,4,7.95,Production I.G,91,matter ok be
Wotaku ni Koi wa Muzukashii,Romance,11,7.95,A-1 Pictures,589,always what road
Yowamushi Pedal,Comedy,38,7.95,TMS Entertainment,253,piece pattern candidate
Log Horizon,Action,25,7.94,Satelight,526,site course you
Mobile Suit Gundam 0080: War in the Pocket,Drama,6,7.94,Sunrise,775,continue risk test
Mobile Suit Gundam Thunderbolt,Action,4,7.94,Sunrise,768,until party drop
Mobile Suit Gundam Thunderbolt: December Sky,Action,1,7.94,Sunrise,204,message blood future
Non Non Biyori,Slice of Life,12,7.94,SILVER LINK.,124,policy however or
Shadows House 2nd Season,Slice of Life,12,7.94,CloverWorks,430,them help plant
Takarajima,Adventure,26,7.94,Madhouse,33,create toward order
Wotaku ni Koi wa Muzukashii OVA,Romance,3,7.94,A-1 Pictures,735,better child military
xxxHOLiC Movie: Manatsu no Yoru no Yume,Comedy,1,7.94,Production I.G,621,science student senior
Clannad: Mou Hitotsu no Sekai-Tomoyo-hen,Drama,1,7.94,Kyoto Animation,374,week station upon
Fate/Grand Order: Zettai Majuu Sensen Babylonia,Action,21,7.94,CloverWorks,790,also situation offer
Fate/kaleid liner PrismaIllya Movie: Sekka no Chikai,Action,1,7.94,SILVER LINK.,365,kitchen citizen security
Full Moon wo Sagashite,Comedy,52,7.94,Studio Deen,130,throw fire best
Gochuumon wa Usagi Desu ka? Bloom,Comedy,12,7.94,Encourage Films,308,wear theory garden
Hanamonogatari,Comedy,5,7.94,Shaft,71,approach back movie
Kidou Keisatsu Patlabor 2 the Movie,Drama,1,7.94,Production I.G,333,part name truth
Kimi to Boku. 2,Comedy,13,7.94,J.C.Staff,221,expert phone draw
Aria the Benedizione,Fantasy,1,7.93,J.C.Staff,488,know law reason
Bishoujo Senshi Sailor Moon: Sailor Stars,Adventure,34,7.93,Toei Animation,686,nothing avoid win
Boku no Hero Academia 4th Season,Action,25,7.93,Bones,299,have although set
Darker than Black: Kuro no Keiyakusha Gaiden,Action,4,7.93,Bones,758,building stay sea
Full Metal Panic! The Second Raid,Action,13,7.93,Kyoto Animation,293,popular general agreement
Kuuchuu Buranko,Drama,11,7.93,Toei Animation,100,speak whatever individual
Nekomonogatari: Kuro,Comedy,4,7.93,Shaft,655,or deal physical
Overlord III,Action,13,7.93,Madhouse,42,especially bed assume
Tamako Love Story,Romance,1,7.93,Kyoto Animation,538,member some argue
Touhai Densetsu Akagi: Yami ni Maiorita Tensai,Suspense,26,7.93,Madhouse,274,act chance production
Trigun: Badlands Rumble,Action,1,7.93,Madhouse,607,image enter hold
Zetsuen no Tempest,Action,24,7.93,Bones,273,several spring rate
Yuru Yuri SanHai!,Comedy,12,7.92,TYO Animations,245,local standard low
Boku no Hero Academia,Action,13,7.92,Bones,99,after question southern
Bungou Stray Dogs: Dead Apple,Action,1,7.92,Bones,661,blue mission attention
Cike Wu Liuqi,Action,10,7.92,AHA Entertainment,627,person oil hard
City Hunter,Action,51,7.92,Sunrise,385,no whose include
Code Geass: Fukkatsu no Lelouch,Action,1,7.92,Sunrise,360,several provide too
Dance Dance Danseur,Drama,11,7.92,MAPPA,441,affect story new
Eyeshield 21,Sports,145,7.92,Gallop,622,list sure against
Final Fantasy VII: Advent Children Complete,Action,1,7.92,Square Enix,623,say mother career
Hanasaku Iroha,Drama,26,7.92,P.A. Works,645,yeah where food
Hidamari Sketch x Honeycomb,Comedy,12,7.92,Shaft,534,series type force
Love Live! The School Idol Movie,Slice of Life,1,7.92,Sunrise,339,of industry foot
Overlord,Action,13,7.92,Madhouse,369,in industry light
SKET Dance: Imouto no Nayami ni Nayamu Ani ni Nayamu Imouto to Sono Nakama-tachi,Comedy,1,7.92,Tatsunoko Production,530,blood information recognize
Yakitate!! Japan,Comedy,69,7.92,Sunrise,514,your report fast
Macross,Action,36,7.91,Tatsunoko Production,422,center carry increase
One Piece Film: Gold,Action,1,7.91,Toei Animation,457,ability sense inside
Ore Monogatari!!,Comedy,24,7.91,Madhouse,88,media attack likely
Plastic Memories,Drama,13,7.91,Doga Kobo,34,consumer begin book
Sakigake!! Cromartie Koukou,Comedy,26,7.91,Production I.G,681,figure no new
Shirokuma Cafe,Comedy,50,7.91,Pierrot,650,minute center fall
Tonikaku Kawaii,Comedy,12,7.91,Seven Arcs,690,send somebody charge
Umibe no Etranger,Boys Love,1,7.91,Studio Hibari,597,sign face call
Vanitas no Karte,Supernatural,12,7.91,Bones,489,wind want decide
Yagate Kimi ni Naru,Drama,13,7.91,TROYCA,62,know chair culture
Yuri!!! on Ice,Sports,12,7.91,MAPPA,103,front whether especially
Date A Live II: Kurumi Star Festival,Romance,1,7.91,Production IMS,584,care put share
Detective Conan OVA 09: The Stranger in 10 Years...,Adventure,1,7.91,TMS Entertainment,515,ask executive total
Ergo Proxy,Mystery,23,7.91,Manglobe,426,record agent expect
Gake no Ue no Ponyo,Adventure,1,7.91,Studio Ghibli,28,big four miss
JoJo no Kimyou na Bouken (TV),Action,26,7.91,David Production,370,although bar above
Jormungand: Perfect Order,Action,12,7.91,White Fox,290,friend for during
Kaleido Star,Comedy,51,7.91,Gonzo,172,fill recent office
Kono Oto Tomare!,Drama,13,7.91,Platinum Vision,301,meet record week
Kotonoha no Niwa,Drama,1,7.91,CoMix Wave Films,651,see though your
Aria the Avvenire,Fantasy,3,7.90,TYO Animations,543,court ever wall
Drifters,Action,12,7.90,Hoods Drifters Studio,599,black administration effort
ef: A Tale of Memories.,Drama,12,7.90,Shaft,794,main manage place
Gakuen Babysitters,Comedy,12,7.90,Brain's Base,650,teach impact way
Hidamari Sketch x ,Comedy,12,7.90,Shaft,188,increase card foot
Higurashi no Naku Koro ni,Horror,26,7.90,Studio Deen,311,black hit main
Ie Naki Ko Remy,Adventure,23,7.90,Nippon Animation,180,color loss close
Lupin III (2015),Action,24,7.90,Telecom Animation Film,458,something senior responsibility
Macross F,Action,25,7.90,Satelight,684,listen fine official
One Piece Film: Red,Action,1,7.90,Toei Animation,81,to interest civil
Ookiku Furikabutte,Comedy,25,7.90,A-1 Pictures,441,hit scene kind
Quanzhi Gaoshou,Action,12,7.90,B.CMAY PICTURES,629,push certainly start
Saiunkoku Monogatari,Adventure,39,7.90,Madhouse,43,call claim near
School Rumble,Comedy,26,7.90,Studio Comet,138,billion better finish
Tennis no Ouji-sama: Zenkoku Taikai-hen,Sports,13,7.90,M.S.C,502,child leg player
Tennis no Ouji-sama: Zenkoku Taikai-hen - Semifinal,Sports,6,7.90,M.S.C,234,rise water visit
Ushio to Tora (TV) 2nd Season,Action,13,7.90,MAPPA,413,drive major rich
Vampire Hunter D (2000),Action,1,7.90,Madhouse,35,power safe message
Zoku Sayonara Zetsubou Sensei,Comedy,13,7.90,Shaft,23,question party approach
Code Geass: Hangyaku no Lelouch I - Koudou,Action,1,7.89,Sunrise,524,early station give
Death Billiards,Drama,1,7.89,Madhouse,309,build into decision
Free! Eternal Summer: Kindan no All Hard!,Comedy,1,7.89,Kyoto Animation,770,area range particularly
Ginga Eiyuu Densetsu: Waga Yuku wa Hoshi no Taikai,Action,1,7.89,Kitty Film Mitaka Studio,142,leave pull need
Initial D Third Stage,Action,1,7.89,Studio Deen,584,whose often police
Jigoku Shoujo Futakomori,Horror,26,7.89,Studio Deen,789,realize exactly project
Kami nomi zo Shiru Sekai II,Comedy,12,7.89,Manglobe,291,data establish generation
Karigurashi no Arrietty,Fantasy,1,7.89,Studio Ghibli,749,decide be style
Machikado Mazoku: 2-choume,Comedy,12,7.89,J.C.Staff,544,father toward defense
Megalo Box,Sci-Fi,13,7.89,TMS Entertainment,566,note official prove
Mobile Suit Zeta Gundam,Drama,50,7.89,Sunrise,266,manage firm talk
Shijou Saikyou no Deshi Kenichi OVA,Action,11,7.89,Brain's Base,242,language turn type
Terra e... (TV),Action,24,7.89,Tokyo Kids,444,drop very huge
Mahou Shoujo Lyrical Nanoha: The Movie 1st,Action,1,7.88,Seven Arcs,724,federal art too
One Piece: Episode of East Blue - Luffy to 4-nin no Nakama no Daibouken,Action,1,7.88,Toei Animation,167,employee eat ever
Osomatsu-san Movie,Comedy,1,7.88,Pierrot,135,least yeah nice
Sekaiichi Hatsukoi OVA,Boys Love,2,7.88,Studio Deen,442,worry method talk
SpaceDandy,Comedy,13,7.88,Bones,622,political note standard
Wu Shan Wu Xing (2020),Action,3,7.88,Nice Boat Animation,290,hold onto week
Zan Sayonara Zetsubou Sensei,Comedy,13,7.88,Shaft,243,organization look rest
Carole & Tuesday,Drama,24,7.88,Bones,321,pattern citizen role
Detective Conan Movie 02: The Fourteenth Target,Adventure,1,7.88,TMS Entertainment,527,stop term less
Ginga Sengoku Gunyuuden Rai,Adventure,52,7.88,E&G Films,432,art three short
Hoozuki no Reitetsu 2nd Season,Comedy,13,7.88,Studio Deen,453,movement born teacher
Beastars,Drama,12,7.87,Orange,32,energy large property
Beelzebub,Action,60,7.87,Pierrot Plus,725,garden book movie
Berserk: Ougon Jidai-hen II - Doldrey Kouryaku,Action,1,7.87,Studio 4C,289,indicate either then
Bishoujo Senshi Sailor Moon S,Drama,38,7.87,Toei Animation,639,local similar positive
Bleach,Action,366,7.87,Pierrot,494,spring class rise
Carnival Phantasm,Comedy,12,7.87,Lerche,44,real buy official
Fate/Grand Carnival,Comedy,4,7.87,Lerche,690,she condition member
Golden Kamuy,Action,12,7.87,Geno Studio,777,doctor international impact
HighSpeed! Movie: Free! Starting Days,Drama,1,7.87,Kyoto Animation,774,program country contain
Les Miserables: Shoujo Cosette,Drama,52,7.87,Nippon Animation,113,enough other way
Lupin III vs. Detective Conan: The Movie,Action,1,7.87,TMS Entertainment,21,me center life
Marine Shukkou!!,Music,1,7.87,Frontier One,669,because week take
One Piece 3D2Y: Ace no shi wo Koete! Luffy Nakama Tono Chikai,Adventure,1,7.87,Toei Animation,164,between dog interest
Ookami to Koushinryou II: Ookami to Kohakuiro no Yuuutsu,Adventure,1,7.87,Brain's Base,609,stock society know
Sayonara Zetsubou Sensei,Comedy,12,7.87,Shaft,526,agency politics rather
Sekaiichi Hatsukoi 2,Boys Love,12,7.87,Studio Deen,713,over look production
Sekaiichi Hatsukoi Movie: Yokozawa Takafumi no Baai,Boys Love,1,7.87,Studio Deen,699,relationship cell camera
Tennis no Ouji-sama,Sports,178,7.87,Trans Arts,690,tree theory hotel
Tiger & Bunny,Action,25,7.87,Sunrise,209,unit fight miss
Top wo Nerae! Gunbuster,Action,6,7.87,Gainax,519,history decision teacher
Magic Kaito 1412,Adventure,24,7.86,A-1 Pictures,246,about message may
Mobile Suit Gundam: The Witch from Mercury - Prologue,Sci-Fi,1,7.86,Sunrise,523,like notice source
Noragami Aragoto OVA,Comedy,2,7.86,Bones,659,door TV must
Princess Connect! Re:Dive Season 2,Action,12,7.86,CygamesPictures,475,personal lawyer beautiful
Seitokai Yakuindomo* OVA,Comedy,10,7.86,GoHands,387,generation act here
Shingeki no Kyojin OVA,Action,3,7.86,Wit Studio,578,within hair whatever
Summer Ghost,Supernatural,1,7.86,Flat Studio,296,trip democratic another
Wan Sheng Jie 3,Comedy,12,7.86,add some,271,almost federal way
Youkoso Jitsuryoku Shijou Shugi no Kyoushitsu e,Drama,12,7.86,Lerche,655,interview truth local
Ano Hi Mita Hana no Namae wo Bokutachi wa Mada Shiranai. Movie,Drama,1,7.86,A-1 Pictures,400,organization black create
Densetsu Kyojin Ideon: Hatsudou-hen,Drama,1,7.86,Sunrise,11,various these site
Douluo Dalu,Action,26,7.86,Sparkly Key Animation Studio,636,popular yard national
Durarara!! Specials,Action,2,7.86,Brain's Base,275,star exist field
Inochi no Tabekata,Horror,1,7.86,add some,580,add themselves line
Kyoukai no Kanata Movie: I'll Be Here - Kako-hen - Yakusoku no Kizuna,Music,1,7.86,Kyoto Animation,729,market safe prevent
Yuru Yuri Nachuyachumi!,Comedy,1,7.86,TYO Animations,407,charge discover should
Lupin the IIIrd: Chikemuri no Ishikawa Goemon,Action,1,7.85,Telecom Animation Film,590,find six no
Magi: Sinbad no Bouken (TV),Action,13,7.85,Lay-duce,248,fish history resource
Mobile Suit Gundam: Hathaway's Flash,Action,1,7.85,Sunrise,532,bill suffer seven
Musekinin Kanchou Tylor,Comedy,26,7.85,Tatsunoko Production,212,from result coach
Non Non Biyori Repeat: Hotaru ga Tanoshinda,Slice of Life,1,7.85,SILVER LINK.,194,improve possible bed
Paradise Kiss,Comedy,12,7.85,Madhouse,389,sound cover tax
Tanaka-kun wa Itsumo Kedaruge,Slice of Life,12,7.85,SILVER LINK.,612,read around necessary
Tentai Senshi Sunred 2nd Season,Comedy,26,7.85,AIC ASTA,297,whatever set several
There She Is!!,Comedy,5,7.85,add some,100,ten collection exist
Uchouten Kazoku,Comedy,13,7.85,P.A. Works,14,animal ten meet
Detective Conan Movie 01: The Timed Skyscraper,Adventure,1,7.85,TMS Entertainment,500,hard shake individual
Dramaturgy,Music,1,7.85,add some,186,move bed fly
Dungeon ni Deai wo Motomeru no wa Machigatteiru Darou ka IV: Shin Shou - Meikyuu-hen,Action,52,7.85,J.C.Staff,76,above head him
Gekkan Shoujo Nozaki-kun,Comedy,12,7.85,Doga Kobo,129,player entire pay
Grisaia no Meikyuu: Caprice no Mayu 0,Drama,1,7.85,8bit,201,year parent discover
Hanasaku Iroha Movie: Home Sweet Home,Drama,1,7.85,P.A. Works,354,send claim understand
Hoozuki no Reitetsu 2nd Season: Sono Ni,Comedy,13,7.85,Studio Deen,443,throw attorney few
Hoozuki no Reitetsu OVA,Comedy,4,7.85,Studio Deen,66,field very suddenly
Id:Invaded,Mystery,13,7.85,NAZ,475,almost even travel
InuYasha,Action,167,7.85,Sunrise,428,away himself morning
Jibaku Shounen Hanako-kun,Comedy,12,7.85,Lerche,348,type hand day
K-On!,Comedy,13,7.85,Kyoto Animation,643,Mr near until
K-On!!: Keikaku!,Comedy,1,7.85,Kyoto Animation,143,approach from behind
Kaleido Star: Legend of Phoenix - Layla Hamilton Monogatari,Comedy,1,7.85,Gonzo,589,task particular cold
Kokoro ga Sakebitagatterunda.,Drama,1,7.85,A-1 Pictures,607,can level citizen
Kono Subarashii Sekai ni Shukufuku wo!: Kono Subarashii Choker ni Shukufuku wo!,Comedy,1,7.85,Studio Deen,76,man expect arrive
Blue Period,Drama,12,7.84,Seven Arcs,262,fast difficult girl
Break Blade Movie 4: Sanka no Chi,Action,1,7.84,Production I.G,5,expert force win
Detective Conan Movie 22: Zero the Enforcer,Action,1,7.84,TMS Entertainment,737,table radio bed
Detective Conan Movie 23: The Fist of Blue Sapphire,Action,1,7.84,TMS Entertainment,570,father fast fill
Fate/Grand Order: Shuukyoku Tokuiten - Kani Jikan Shinden Solomon,Action,1,7.84,CloverWorks,60,support six several
Flanders no Inu (Movie),Drama,1,7.84,Nippon Animation,270,worry push enjoy
Gungrave,Action,26,7.84,Madhouse,682,responsibility Mr both
K-On!: Live House!,Comedy,1,7.84,Kyoto Animation,457,use good put
Kara no Kyoukai Movie 4: Garan no Dou,Action,1,7.84,ufotable,181,probably remain also
Kobayashi-san Chi no Maid Dragon S: Nippon no Omotenashi - Attend wa Dragon Desu,Fantasy,1,7.84,Kyoto Animation,63,although participant newspaper
Yume-iro Patissiere,Gourmet,50,7.84,Studio Hibari,374,few thousand as
Michiko to Hatchin,Action,22,7.84,Manglobe,246,perform feeling memory
New Initial D Movie: Legend 3 - Mugen,Racing,1,7.84,SANZIGEN,542,research enjoy manager
Seihou Bukyou Outlaw Star,Action,24,7.84,Sunrise,221,actually food prevent
Seitokai Yakuindomo Movie,Comedy,1,7.84,GoHands,358,main easy allow
Soul Eater,Action,51,7.84,Bones,282,political language letter
Urusei Yatsura 2: Beautiful Dreamer,Action,1,7.84,Pierrot,671,pattern education religious
Mahoujin Guruguru (2017),Adventure,24,7.83,Production I.G,222,machine feel son
Mahoutsukai no Yome: Nishi no Shounen to Seiran no Kishi,Fantasy,3,7.83,Studio Kafka,332,goal movie above
Oniisama e...,Drama,39,7.83,Tezuka Productions,223,small mind decade
Planetarian: Hoshi no Hito,Drama,1,7.83,David Production,683,worker successful history
Seto no Hanayome OVA,Comedy,2,7.83,Gonzo,542,ok energy allow
Somali to Mori no Kamisama,Adventure,12,7.83,Satelight,527,vote trial scientist
Suzumiya Haruhi no Yuuutsu,Comedy,14,7.83,Kyoto Animation,739,your outside policy
Tasogare Otome x Amnesia,Horror,12,7.83,SILVER LINK.,450,arrive heavy official
Working'!!,Comedy,13,7.83,A-1 Pictures,35,these into design
Yi Nian Yong Heng,Action,52,7.83,B.CMAY PICTURES,555,student writer change
91 Days,Action,12,7.83,Shuka,403,well whatever technology
Aggressive Retsuko (ONA) 3rd Season,Comedy,10,7.83,Fanworks,569,compare even impact
Aoki Hagane no Arpeggio: Ars Nova Movie 2 - Cadenza,Action,1,7.83,SANZIGEN,797,son administration reduce
Beastars 2nd Season,Drama,12,7.83,Orange,301,TV I fire
Danshi Koukousei no Nichijou Specials,Comedy,6,7.83,Sunrise,206,candidate term action
Date A Live IV,Comedy,12,7.83,GEEK TOYS,705,crime understand including
Doupo Cangqiong: Nian Fan,Action,52,7.83,Motion Magic,192,century reveal ever
Eikoku Koi Monogatari Emma: Molders-hen,Drama,12,7.83,Ajia-Do,431,finish whose write
Haikyuu!! (OVA),Sports,10,7.83,add some,754,red least region
Heartcatch Precure!,Action,49,7.83,Toei Animation,788,rather result long
Ie Naki Ko,Adventure,51,7.83,Madhouse,795,baby drive week
Yuru Yuri,Comedy,12,7.83,Doga Kobo,1,part fund and
Lupin III: The First,Action,1,7.82,TMS Entertainment,611,hold step indeed
Shingeki no Kyojin Movie 2: Jiyuu no Tsubasa,Action,1,7.82,Wit Studio,128,create present paper
Bungou Stray Dogs,Action,12,7.82,Bones,655,move bed fall
Capeta,Racing,52,7.82,Studio Comet,124,wall box story
Crayon Shin-chan Movie 09: Arashi wo Yobu Mouretsu! Otona Teikoku no Gyakushuu,Comedy,1,7.82,Shin-Ei Animation,765,within act help
Goku Sayonara Zetsubou Sensei,Comedy,3,7.82,Shaft,592,while to true
Haikyuu!! Riku vs. Kuu,Sports,2,7.82,Production I.G,527,break glass successful
Hidamari Sketch x 365,Comedy,13,7.82,Shaft,451,size sing hold
Igano Kabamaru,Action,24,7.82,Group TAC,386,magazine hour bad
Jungle wa Itsumo Hare nochi Guu,Comedy,26,7.82,Shin-Ei Animation,578,we side true
Kuroko no Basket: Tip Off,Sports,1,7.82,Production I.G,42,nor not keep
Little Witch Academia (TV),Adventure,25,7.82,Trigger,642,heart woman plant
Akachan to Boku,Comedy,35,7.81,Pierrot,181,list gun race
Baby Steps,Sports,25,7.81,Pierrot,237,born movement election
Break Blade Movie 5: Shisen no Hate,Action,1,7.81,Production I.G,764,thought already network
Chuan Shu Zijiu Zhinan,Drama,10,7.81,Djinn Power,347,face get doctor
Detective Conan Movie 08: Time Travel of the Silver Sky,Adventure,1,7.81,TMS Entertainment,220,young recognize system
Jormungand,Action,12,7.81,White Fox,701,stop need indicate
Kekkai Sensen & Beyond,Action,12,7.81,Bones,542,among many early
Little Witch Academia,Adventure,1,7.81,Trigger,436,also avoid during
Yuusha-Ou GaoGaiGar,Adventure,49,7.81,Sunrise,674,around movie reach
Lupin the IIIrd: Jigen Daisuke no Bohyou,Action,1,7.81,Telecom Animation Film,550,light cultural keep
Maria-sama ga Miteru 3rd,Drama,5,7.81,Studio Deen,612,ready describe car
Nodame Cantabile: Finale - Mine to Kiyora no Saikai,Comedy,1,7.81,J.C.Staff,210,mission brother all
Owarimonogatari 2nd Season Recaps,Comedy,2,7.81,Shaft,257,Congress treat ago
Psycho-Pass 3: First Inspector,Action,3,7.81,Production I.G,782,recent wear little
Slayers Try,Adventure,26,7.81,E&G Films,149,might professor out
Wolf's Rain,Action,26,7.81,Bones,603,civil move street
LuckyStar: Original na Visual to Animation,Comedy,1,7.80,Kyoto Animation,30,color spring real
Magi: Sinbad no Bouken,Action,5,7.80,Lay-duce,527,capital raise accept
SaintOniisan (Movie),Comedy,1,7.80,A-1 Pictures,69,keep computer everyone
Saiyuuki Gaiden,Action,3,7.80,Anpro,61,less then go
Seikai no Senki II,Action,10,7.80,Sunrise,762,student fund address
Shingeki no Kyojin: Lost Girls,Action,3,7.80,Wit Studio,671,hard community notice
Tamayura: Sotsugyou Shashin Part 3 - Akogare,Comedy,1,7.80,TYO Animations,499,small move else
Ai no Utagoe wo Kikasete,Drama,1,7.80,J.C.Staff,496,every focus break
Aria the Crepuscolo,Fantasy,1,7.80,J.C.Staff,54,school piece grow
City Hunter 3,Action,13,7.80,Sunrise,287,federal seek piece
Coquelicot-zaka kara,Romance,1,7.80,Studio Ghibli,595,star out form
Detective Conan Movie 07: Crossroad in the Ancient Capital,Adventure,1,7.80,TMS Entertainment,56,finally program reveal
Emiya-san Chi no Kyou no Gohan,Comedy,13,7.80,ufotable,548,guess night local
Hidamari Sketch x  Specials,Comedy,2,7.80,Shaft,202,military wait example
InuYasha Movie 3: Tenka Hadou no Ken,Action,1,7.80,Sunrise,754,eight movement say
Last Exile,Action,26,7.80,Gonzo,397,that manager letter
Yuuki Yuuna wa Yuusha de Aru: Washio Sumi no Shou 2 - Tamashii,Drama,1,7.80,Studio Gokumi,682,report baby question
Macross F Movie 1: Itsuwari no Utahime,Action,1,7.79,Satelight,188,military particularly instead
Mobile Suit Gundam Wing: Endless Waltz Special,Action,1,7.79,Sunrise,240,our decision she
Saraiya Goyou,Drama,12,7.79,Manglobe,321,television myself into
Seitokai Yakuindomo Movie 2,Comedy,1,7.79,GoHands,90,win lawyer for
Shingeki no Kyojin Season 2 Movie: Kakusei no Houkou,Action,1,7.79,Wit Studio,383,bill north government
Tokyo Ghoul,Action,12,7.79,Pierrot,183,better south reveal
Tunshi Xingkong,Sci-Fi,26,7.79,Sparkly Key Animation Studio,717,result office must
Clannad: After Story - Mou Hitotsu no Sekai-Kyou-hen,Drama,1,7.79,Kyoto Animation,400,because sort interest
Detective Conan Movie 09: Strategy Above the Depths,Adventure,1,7.79,TMS Entertainment,613,he building partner
Detective Conan Movie 12: Full Score of Fear,Adventure,1,7.79,TMS Entertainment,139,look college what
Enen no Shouboutai: Ni no Shou,Action,24,7.79,David Production,151,morning situation glass
Giant Robo the Animation: Chikyuu ga Seishi Suru Hi,Action,7,7.79,Phoenix Entertainment,62,simply official probably
Ginga Tetsudou 999,Adventure,113,7.79,Toei Animation,796,car strong provide
Gochuumon wa Usagi Desu ka??,Comedy,12,7.79,Kinema Citrus,117,six power population
Hibike! Euphonium Movie 2: Todoketai Melody,Drama,1,7.79,Kyoto Animation,612,figure task country
Hug tto! Precure,Action,49,7.79,Toei Animation,14,network accept trade
Innocence,Sci-Fi,1,7.79,Production I.G,455,better understand town
Jungle wa Itsumo Hare nochi Guu Deluxe,Comedy,6,7.79,Shin-Ei Animation,666,size deal question
Kara no Kyoukai Movie 2: Satsujin Kousatsu (Zen),Action,1,7.79,ufotable,675,arrive job foreign
Kuroko no Basket Movie 3: Winter Cup - Tobira no Mukou,Comedy,1,7.79,Production I.G,684,politics my worker
Ame wo Matsu-,Music,1,7.78,add some,738,note month station
Break Blade Movie 3: Kyoujin no Ato,Action,1,7.78,Production I.G,612,leave apply table
Code Geass: Hangyaku no Lelouch R2 Special Edition - Zero Requiem,Action,1,7.78,Sunrise,752,way difference role
Digimon Adventure: Bokura no War Game!,Adventure,1,7.78,Toei Animation,538,pass could even
Gochuumon wa Usagi Desu ka??: Dear My Sister,Comedy,1,7.78,production doA,798,perhaps wear offer
Grisaia no Rakuen,Drama,10,7.78,8bit,667,choose my now
High Score Girl,Comedy,12,7.78,J.C.Staff,308,write enjoy blue
Hoozuki no Reitetsu,Comedy,13,7.78,Wit Studio,188,then chair read
Jin-Rou,Drama,1,7.78,Production I.G,327,really up TV
Kubikiri Cycle: Aoiro Savant to Zaregototsukai,Drama,8,7.78,Shaft,476,make detail some
Kumichou Musume to Sewagakari,Slice of Life,12,7.78,feel.,715,feel need while
Lupin III: Part II,Action,155,7.78,Tokyo Movie Shinsha,75,operation compare information
Magic Kaito,Adventure,12,7.78,TMS Entertainment,225,second civil series
Mind Game,Adventure,1,7.78,Studio 4C,256,produce whose up
New Initial D Movie: Legend 2 - Tousou,Racing,1,7.78,SANZIGEN,691,figure figure box
Saiyuuki Reload: Burial,Action,3,7.78,Pierrot,480,fish gun minute
Sekaiichi Hatsukoi: Valentine-hen,Boys Love,1,7.78,Studio Deen,431,kitchen set over
Shiguang Dailiren Fan Wai Pian: Biwu Zhaoqin,Drama,1,7.78,Studio LAN,209,explain civil cover
Taishou Otome Otogibanashi,Comedy,12,7.78,SynergySP,573,court physical store
The Last: Naruto the Movie,Action,1,7.78,Pierrot,788,appear police hold
Love Live! School Idol Project 2nd Season,Slice of Life,13,7.77,Sunrise,561,determine night far
Lupin III vs. Detective Conan,Action,1,7.77,TMS Entertainment,790,find will worry
Lupin the Third: Mine Fujiko to Iu Onna,Action,13,7.77,TMS Entertainment,207,she become coach
New Initial D Movie: Legend 1 - Kakusei,Action,1,7.77,SANZIGEN,657,instead reality authority
Ojamajo Doremi Na-i-sho,Comedy,13,7.77,Toei Animation,61,through baby various
Saenai Heroine no Sodatekata ,Comedy,11,7.77,A-1 Pictures,583,state why Mr
Shadows House,Slice of Life,13,7.77,CloverWorks,373,everyone there similar
Shiki Specials,Horror,2,7.77,Daume,2,time similar scientist
Yuru Yuri Nachuyachumi!+,Comedy,2,7.77,TYO Animations,107,author field away
Zan Sayonara Zetsubou Sensei Bangaichi,Comedy,2,7.77,Shaft,395,east evening three
BanG Dream! GarupaPico,Comedy,26,7.77,SANZIGEN,478,bank appear type
Cardcaptor Sakura: Clear Card-hen Prologue - Sakura to Futatsu no Kuma,Fantasy,1,7.77,Madhouse,503,now recently woman
Colorful (Movie),Drama,1,7.77,Sunrise,369,much degree federal
Devilman: Crybaby,Action,10,7.77,Science SARU,653,figure effect financial
Digimon Adventure,Action,54,7.77,Toei Animation,246,system value example
Doraemon (1979),Adventure,1787,7.77,Shin-Ei Animation,425,fire sell religious
Ghost Hunt,Horror,25,7.77,J.C.Staff,72,product quite right
Hadashi no Gen,Drama,1,7.77,Madhouse,255,than admit loss
"Haikyuu!! vs. ""Akaten""",Sports,1,7.77,Production I.G,625,term something four
Hataraku Maou-sama!,Comedy,13,7.77,White Fox,772,pick could structure
Heike Monogatari,Drama,11,7.77,Science SARU,517,edge space tax
Higashi no Eden,Mystery,11,7.77,Production I.G,360,pay to there
Isekai no Seikishi Monogatari,Action,13,7.77,AIC Spirits,195,professional daughter get
Kageki Shoujo!!,Drama,13,7.77,Pine Jam,653,box image wrong
Akagami no Shirayuki-hime,Drama,12,7.76,Bones,50,house argue record
Detective Conan OVA 10: Kid in Trap Island,Adventure,1,7.76,TMS Entertainment,448,weight economy morning
Go! Princess Precure,Action,50,7.76,Toei Animation,316,weight home while
Hidamari Sketch x SP,Comedy,2,7.76,Shaft,189,produce activity professor
Inu-Ou,Fantasy,1,7.76,Science SARU,433,car successful imagine
Kochira Katsushikaku Kameari Kouenmae Hashutsujo,Comedy,373,7.76,Gallop,369,analysis time economy
Kokoro Connect,Drama,13,7.76,SILVER LINK.,496,sell fight PM
Maria-sama ga Miteru 4th,Girls Love,13,7.76,Studio Deen,258,risk late data
Mobile Suit Gundam,Sci-Fi,43,7.76,Sunrise,452,yes issue back
Overlord II,Action,13,7.76,Madhouse,722,hard blood these
Ranma 12,Comedy,161,7.76,Studio Deen,385,occur we for
Seitokai Yakuindomo OVA,Comedy,8,7.76,GoHands,496,line lay ok
Shaman King,Action,64,7.76,Xebec,548,brother the close
Snow Halation,Idols (Female),1,7.76,Sunrise,183,become move theory
Tentai Senshi Sunred,Comedy,26,7.76,AIC ASTA,556,but strategy through
Texhnolyze,Action,22,7.76,Madhouse,702,soldier life stop
The Disappearance of Conan Edogawa: The Worst Two Days in History,Adventure,1,7.76,TMS Entertainment,109,decision interview cost
The Everlasting Guilty Crown,Music,1,7.76,add some,456,case gas skill
Mairimashita! Iruma-kun,Comedy,23,7.75,Bandai Namco Pictures,77,character crime under
Mobile Suit Gundam III: Encounters in Space,Action,1,7.75,Sunrise,454,light strategy affect
Mobile Suit Gundam SEED,Action,50,7.75,Sunrise,637,nearly prove rather
Shokugeki no Souma: Shin no Sara,Gourmet,12,7.75,J.C.Staff,44,change thus page
Toshokan Sensou: Kakumei no Tsubasa,Action,1,7.75,Production I.G,292,option agency another
Udon no Kuni no Kiniro Kemari,Fantasy,12,7.75,LIDENFILMS,238,nice nor which
Aggressive Retsuko (ONA) 2nd Season,Comedy,10,7.75,Fanworks,337,would religious must
BanG Dream! GarupaPico: Oomori,Comedy,26,7.75,SANZIGEN,389,only and walk
Charlotte,Drama,13,7.75,P.A. Works,282,base stage describe
City Hunter '91,Action,13,7.75,Sunrise,204,word police concern
Claymore,Action,26,7.75,Madhouse,795,politics dream moment
Crayon Shin-chan,Comedy,3,7.75,Shin-Ei Animation,707,sometimes approach cup
Dragon Ball Z Special 2: Zetsubou e no Hankou!! Nokosareta Chousenshi - Gohan to Trunks,Adventure,1,7.75,Toei Animation,58,difference across detail
Free! Take Your Marks,Slice of Life,1,7.75,Kyoto Animation,456,view care box
Gakuen Babysitters Special,Childcare,1,7.75,Brain's Base,43,financial water several
Genshiken 2,Comedy,12,7.75,Arms,231,us someone meet
Gochuumon wa Usagi Desu ka??: Sing for You,Comedy,1,7.75,production doA,767,perform cut within
Golden Time,Comedy,24,7.75,J.C.Staff,178,popular young draw
I'm Your Treasure Box: Anata wa Marine Senchou Otakara Bako kara Mitsuketa.,Ecchi,1,7.75,add some,347,head occur customer
Kino no Tabi: The Beautiful World - Nanika wo Suru Tame ni - Life Goes On.,Adventure,1,7.75,A.C.G.T.,646,of only always
Kuroko no Basket: Last Game NG-shuu,Comedy,1,7.75,Production I.G,708,hope easy open
Kyou kara Maou! 3rd Series,Adventure,39,7.75,Studio Deen,325,imagine do center
Little Witch Academia: Mahoujikake no Parade,Adventure,1,7.75,Trigger,255,could suffer team
Akebi-chan no Sailor-fuku,Slice of Life,12,7.74,CloverWorks,355,there spring their
Ani ni Tsukeru Kusuri wa Nai! 2,Comedy,24,7.74,Fanworks,334,that skin free
Bishoujo Senshi Sailor Moon Crystal Season III,Romance,13,7.75,Toei Animation,252,generation consider story
Black Jack,Drama,12,7.74,Tezuka Productions,749,voice either improve
Dakaretai Otoko 1-i ni Odosarete Imasu. Movie: Spain-hen,Boys Love,1,7.74,CloverWorks,464,other west television
